DataSet/Point,Distance (µm),Al,Si,K ,P ,Ca,Ti,Mn,Ba,Th,U ,Fe,O ,Total,Al,Si,K ,P ,Ca,Ti,Mn,Ba,Th,U ,Fe,O ,Total,Al2O3,SiO2,K2O,P2O5,CaO,TiO2,MnO,BaO,ThO2,UO2,FeO,Total,Al,Si,K ,P ,Ca,Ti,Mn,Ba,Th,U ,Fe,O , X , Y , Z , Beam X , Beam Y ,Comment,Distance (?),Mean Z,Point#,Date
2 / 1 . ,0,0.033055,0.003475,0.00001,0.00001,0.00001,0.003394,0.00001,0.018823,0.00001,0.041403,69.94356,20.08196,90.12572,0.048823,0.004931,0.00001,0.000013,0.00001,0.002824,0.000007,0.005462,0.000002,0.006932,49.91143,50.01956,100,0.062458,0.007435,0.000012,0.000023,0.000014,0.005661,0.000013,0.021016,0.000011,0.046969,89.9821,90.12572,120,105,,,,186,,592,,511,1275,,-16671,-22700,47, , ,H-24B-Profile2,0,19.84606,112,"Monday, April 17, 2023 11:30:53 PM"
2 / 2 . ,2,0.064479,0.017962,0.00001,0.003537,0.00001,0.00295,0.004412,0.00001,0.007627,0.058905,69.46346,19.99562,89.61899,0.0957,0.025611,0.00001,0.004573,0.00001,0.002466,0.003216,0.000003,0.001316,0.00991,49.81018,50.047,100,0.121832,0.038427,0.000012,0.008105,0.000014,0.00492,0.005697,0.000011,0.008679,0.066824,89.36446,89.61899,110,99,,228,,193,305,,465,495,1288,,-16671,-22702,47, , ,H-24B-Profile2,2,19.7344,113,"Monday, April 17, 2023 11:35:42 PM"
2 / 3 . ,4,0.072705,0.021059,0.00001,0.00001,0.00001,0.009426,0.00001,0.00001,0.003249,0.052322,69.50368,20.01499,89.67748,0.107813,0.030001,0.00001,0.000013,0.00001,0.007874,0.000007,0.000003,0.00056,0.008795,49.79434,50.05058,100,0.137376,0.045053,0.000012,0.000023,0.000014,0.015724,0.000013,0.000011,0.003697,0.059357,89.41621,89.67748,110,100,,,,187,,,471,502,1304,,-16671.1,-22704,47, , ,H-24B-Profile2,4,19.73771,114,"Monday, April 17, 2023 11:40:32 PM"
2 / 4 . ,6,0.07223,0.009025,0.00001,0.016822,0.00001,0.00001,0.002591,0.045633,0.00001,0.07174,69.74496,20.09364,90.05669,0.106699,0.012808,0.00001,0.021646,0.00001,0.000008,0.00188,0.013244,0.000002,0.012013,49.77636,50.05532,100,0.136478,0.019308,0.000012,0.038545,0.000014,0.000017,0.003345,0.050949,0.000011,0.081384,89.72662,90.05669,109,100,,229,,,308,595,,515,1267,,-16671.1,-22706,47, , ,H-24B-Profile2,6,19.84658,115,"Monday, April 17, 2023 11:45:22 PM"
2 / 5 . ,8,0.069005,0.010505,0.007971,0.00001,0.00001,0.001027,0.00001,0.008542,0.023008,0.060507,69.87164,20.10593,90.15817,0.101838,0.014894,0.008118,0.000013,0.00001,0.000854,0.000007,0.002477,0.003948,0.010122,49.81937,50.03836,100,0.130384,0.022474,0.009602,0.000023,0.000014,0.001714,0.000013,0.009537,0.026182,0.068641,89.8896,90.15817,112,102,158,,,191,,620,471,521,1248,,-16671.1,-22708,47, , ,H-24B-Profile2,8,19.86845,116,"Monday, April 17, 2023 11:50:11 PM"
2 / 6 . ,10,0.073954,0.011439,0.00001,0.012612,0.00001,0.00001,0.00001,0.00001,0.00001,0.035263,69.84229,20.1094,90.08501,0.10915,0.016219,0.00001,0.016215,0.00001,0.000008,0.000007,0.000003,0.000002,0.0059,49.80196,50.05051,100,0.139736,0.024471,0.000012,0.028899,0.000014,0.000017,0.000013,0.000011,0.000011,0.040004,89.85183,90.08501,114,103,,238,,,,?,,517,1292,,-16671.1,-22710,47, , ,H-24B-Profile2,10,19.81332,117,"Monday, April 17, 2023 11:55:01 PM"
2 / 7 . ,12,0.041543,0.010272,0.00001,0.00001,0.00001,0.00001,0.010873,0.011108,0.00001,0.054681,69.05562,19.84465,89.02879,0.062103,0.014753,0.00001,0.000013,0.00001,0.000008,0.007983,0.003263,0.000002,0.009266,49.87505,50.02754,100,0.078495,0.021977,0.000012,0.000023,0.000014,0.000017,0.01404,0.012402,0.000011,0.062033,88.83977,89.02879,110,99,,,,,299,617,,498,1269,,-16671.1,-22712,47, , ,H-24B-Profile2,12,19.60813,118,"Monday, April 17, 2023 11:59:51 PM"
2 / 8 . ,14,0.05272,0.028015,0.00001,0.00001,0.00001,0.00001,0.00001,0.00001,0.002699,0.054418,67.70078,19.48253,87.32121,0.080306,0.040996,0.000011,0.000013,0.00001,0.000009,0.000007,0.000003,0.000478,0.009396,49.82325,50.04552,100,0.099614,0.059934,0.000012,0.000023,0.000014,0.000017,0.000013,0.000011,0.003071,0.061733,87.09677,87.32121,100,91,,,,,,,436,469,1264,,-16671.2,-22714,47, , ,H-24B-Profile2,14,19.22409,119,"Tuesday, April 18, 2023 12:04:41 AM"
2 / 9 . ,16,0.082132,0.058392,0.003536,0.008633,0.00773,0.00001,0.008434,0.013078,0.00001,0.064312,69.51795,20.08379,89.84801,0.121458,0.082955,0.003609,0.011121,0.007695,0.000008,0.006125,0.0038,0.000002,0.010781,49.66777,50.08467,100,0.155189,0.124921,0.00426,0.019781,0.010815,0.000017,0.01089,0.014602,0.000011,0.072958,89.43456,89.84801,103,92,150,227,221,,307,619,,503,1266,,-16671.2,-22716,47, , ,H-24B-Profile2,16,19.77235,120,"Tuesday, April 18, 2023 12:09:31 AM"
2 / 10 . ,18,0.134723,0.012042,0.00001,0.002896,0.00001,0.003051,0.00001,0.015349,0.00001,0.067413,69.4821,20.05654,89.77415,0.199434,0.017125,0.00001,0.003734,0.00001,0.002544,0.000007,0.004464,0.000002,0.011312,49.69321,50.06815,100,0.254559,0.025761,0.000012,0.006635,0.000014,0.005088,0.000013,0.017137,0.000011,0.076476,89.38844,89.77415,115,102,,238,,195,,601,,512,1259,,-16671.2,-22718,47, , ,H-24B-Profile2,18,19.76081,121,"Tuesday, April 18, 2023 12:14:21 AM"
2 / 11 . ,20,0.097198,0.021222,0.000888,0.018143,0.00001,0.00173,0.001418,0.02435,0.014564,0.047805,69.75772,20.1324,90.11745,0.143359,0.030071,0.000904,0.023311,0.00001,0.001437,0.001027,0.007056,0.002498,0.007992,49.70824,50.07409,99.99999,0.183655,0.045403,0.00107,0.041573,0.000014,0.002885,0.00183,0.027187,0.016573,0.054232,89.74303,90.11745,88,85,159,228,,195,312,626,485,517,1284,,-16671.2,-22720,47, , ,H-24B-Profile2,20,19.83756,122,"Tuesday, April 18, 2023 12:19:09 AM"
2 / 12 . ,22,0.086062,0.03114,0.005989,0.017621,0.001664,0.000795,0.00001,0.028585,0.00001,0.044412,68.93808,19.89699,89.05137,0.128436,0.044645,0.006168,0.022907,0.001671,0.000669,0.000007,0.008381,0.000002,0.007513,49.70544,50.07416,100,0.162613,0.06662,0.007215,0.040376,0.002328,0.001327,0.000013,0.031915,0.000011,0.050382,88.68857,89.05137,106,96,151,211,230,193,,599,,514,1254,,-16671.3,-22722,47, , ,H-24B-Profile2,22,19.59237,123,"Tuesday, April 18, 2023 12:23:58 AM"
2 / 13 . ,24,0.120908,0.028335,0.00001,0.010982,0.001425,0.00001,0.00001,0.00001,0.00001,0.068566,70.05325,20.23379,90.5173,0.177459,0.039953,0.00001,0.014041,0.001408,0.000008,0.000007,0.000003,0.000002,0.011407,49.67513,50.08058,100,0.228454,0.060619,0.000012,0.025165,0.001994,0.000017,0.000013,0.000011,0.000011,0.077784,90.12323,90.51731,110,96,,250,241,,,,,525,1301,,-16671.3,-22724,47, , ,H-24B-Profile2,24,19.91727,124,"Tuesday, April 18, 2023 12:28:48 AM"
2 / 14 . ,26,0.183555,0.020933,0.00001,0.006603,0.00001,0.00001,0.019416,0.033493,0.00001,0.048971,69.44322,20.10701,89.86324,0.271174,0.02971,0.00001,0.008498,0.00001,0.000008,0.014087,0.009722,0.000002,0.008201,49.56545,50.09312,100,0.346826,0.044784,0.000012,0.015131,0.000014,0.000017,0.02507,0.037395,0.000011,0.055554,89.33842,89.86324,116,103,,231,,,297,587,,514,1254,,-16671.3,-22726,47, , ,H-24B-Profile2,26,19.76026,125,"Tuesday, April 18, 2023 12:33:37 AM"
2 / 15 . ,28,0.174806,0.037072,0.00001,0.006098,0.00001,0.00001,0.00001,0.035734,0.00001,0.045427,68.14302,19.73859,88.1808,0.263118,0.053608,0.00001,0.007996,0.00001,0.000008,0.000007,0.010568,0.000002,0.007751,49.55446,50.10246,100,0.330295,0.079311,0.000012,0.013974,0.000014,0.000017,0.000013,0.039898,0.000011,0.051534,87.66573,88.1808,115,101,,239,,,,595,,504,1283,,-16671.3,-22728,47, , ,H-24B-Profile2,28,19.38692,126,"Tuesday, April 18, 2023 12:38:27 AM"
2 / 16 . ,30,0.130963,0.025294,0.001867,0.01378,0.025592,0.001112,0.00001,0.00001,0.00001,0.039711,68.65388,19.84885,88.74107,0.195958,0.036359,0.001928,0.017962,0.025778,0.000937,0.000007,0.000003,0.000002,0.006735,49.63034,50.084,100,0.247453,0.054113,0.002249,0.031577,0.035808,0.001854,0.000013,0.000011,0.000011,0.045049,88.32293,88.74107,115,103,162,245,227,191,,,,500,1281,,-16671.4,-22730,47, , ,H-24B-Profile2,30,19.50282,127,"Tuesday, April 18, 2023 12:43:17 AM"
2 / 17 . ,32,0.061689,0.011836,0.00001,0.001708,0.01653,0.001162,0.00001,0.00001,0.00001,0.031505,69.46518,19.98367,89.57333,0.091593,0.016883,0.00001,0.002209,0.016523,0.000972,0.000007,0.000003,0.000002,0.005303,49.83036,50.03613,100,0.11656,0.025321,0.000012,0.003914,0.023129,0.001938,0.000013,0.000011,0.000011,0.035741,89.36667,89.57332,117,104,,260,217,197,,,,500,1275,,-16671.4,-22732,47, , ,H-24B-Profile2,32,19.70214,128,"Tuesday, April 18, 2023 12:48:06 AM"
2 / 18 . ,34,0.053536,0.011306,0.00001,0.014758,0.00001,0.00001,0.00001,0.00001,0.00001,0.038051,69.96083,20.12819,90.20673,0.078932,0.016014,0.00001,0.018954,0.00001,0.000008,0.000007,0.000003,0.000002,0.006359,49.83456,50.04514,100,0.101156,0.024188,0.000012,0.033817,0.000014,0.000017,0.000013,0.000011,0.000011,0.043167,90.00433,90.20673,124,110,,232,,,,,,505,1277,,-16671.4,-22734,47, , ,H-24B-Profile2,34,19.84586,129,"Tuesday, April 18, 2023 12:52:56 AM"
2 / 19 . ,36,0.04972,0.023,0.00001,0.004687,0.00001,0.00001,0.00001,0.005787,0.001754,0.045391,68.35958,19.66826,88.15823,0.075018,0.033338,0.00001,0.006161,0.00001,0.000008,0.000007,0.001715,0.000308,0.007763,49.83157,50.04408,100,0.093945,0.049205,0.000012,0.01074,0.000014,0.000017,0.000013,0.006461,0.001996,0.051493,87.94433,88.15823,116,103,,254,,,,605,474,513,1256,,-16671.4,-22736,47, , ,H-24B-Profile2,36,19.40393,130,"Tuesday, April 18, 2023 12:57:46 AM"
2 / 20 . ,38,0.079661,0.039446,0.00001,0.015734,0.00001,0.00001,0.00001,0.00001,0.00001,0.072444,67.72538,19.54893,87.48165,0.121017,0.057569,0.00001,0.020822,0.00001,0.000009,0.000007,0.000003,0.000002,0.012475,49.70718,50.08089,100,0.150519,0.08439,0.000012,0.036054,0.000014,0.000017,0.000013,0.000011,0.000011,0.082183,87.12843,87.48165,94,90,,238,,,,,,501,1273,,-16671.4,-22738,47, , ,H-24B-Profile2,38,19.25742,131,"Tuesday, April 18, 2023 1:02:33 AM"
2 / 21 . ,40,0.060091,0.052741,0.003729,0.006899,0.00001,0.00001,0.00001,0.046326,0.00001,0.046892,69.64055,20.08667,89.94393,0.088822,0.074894,0.003804,0.008884,0.00001,0.000008,0.000007,0.013454,0.000002,0.007857,49.73296,50.0693,100,0.113541,0.112832,0.004492,0.01581,0.000014,0.000017,0.000013,0.051723,0.000011,0.053196,89.59229,89.94393,114,100,155,221,,,,591,,522,1256,,-16671.5,-22740,47, , ,H-24B-Profile2,40,19.79951,132,"Tuesday, April 18, 2023 1:07:21 AM"
2 / 22 . ,42,0.039567,0.029188,0.00601,0.012751,0.00001,0.002192,0.00001,0.023852,0.00001,0.060724,70.01138,20.15654,90.34224,0.058262,0.04129,0.006107,0.016355,0.00001,0.001818,0.000007,0.006901,0.000002,0.010136,49.80719,50.05193,100,0.074761,0.062444,0.00724,0.029217,0.000014,0.003656,0.000013,0.026631,0.000011,0.068887,90.06936,90.34224,111,102,158,233,,197,,621,,518,1263,,-16671.5,-22742,47, , ,H-24B-Profile2,42,19.89749,133,"Tuesday, April 18, 2023 1:12:12 AM"
2 / 23 . ,44,0.125429,0.061975,0.000081,0.018997,0.005381,0.003902,0.00001,0.00001,0.00001,0.056943,69.52325,20.13728,89.93327,0.185104,0.087866,0.000083,0.024421,0.005346,0.003243,0.000007,0.000003,0.000002,0.009526,49.5695,50.11489,100,0.236997,0.132588,0.000098,0.043529,0.007529,0.006508,0.000013,0.000011,0.000011,0.064598,89.44138,89.93326,114,104,162,257,235,194,,,,520,1277,,-16671.5,-22744,47, , ,H-24B-Profile2,44,19.76921,134,"Tuesday, April 18, 2023 1:17:01 AM"
2 / 24 . ,46,0.083603,0.052226,0.002117,0.001581,0.00001,0.012246,0.00257,0.00001,0.00001,0.056603,69.22008,19.98416,89.41521,0.124236,0.074557,0.002171,0.002047,0.00001,0.010251,0.001876,0.000003,0.000002,0.009534,49.69609,50.07922,100,0.157968,0.11173,0.002551,0.003623,0.000014,0.020427,0.003318,0.000011,0.000011,0.064212,89.05135,89.41521,113,101,161,260,,184,310,,,499,1264,,-16671.5,-22746,47, , ,H-24B-Profile2,46,19.6702,135,"Tuesday, April 18, 2023 1:21:49 AM"
2 / 25 . ,48,0.08973,0.080042,0.00261,0.015197,0.00001,0.001958,0.01813,0.00001,0.00001,0.062471,69.09137,20.00056,89.36211,0.133315,0.114246,0.002676,0.019668,0.00001,0.001639,0.013229,0.000003,0.000002,0.010521,49.59408,50.11062,100,0.169545,0.17124,0.003144,0.034822,0.000014,0.003267,0.02341,0.000011,0.000011,0.07087,88.88577,89.36211,117,103,163,245,,192,294,,,477,1281,,-16671.6,-22748,47, , ,H-24B-Profile2,48,19.6519,136,"Tuesday, April 18, 2023 1:26:40 AM"
2 / 26 . ,50,0.204921,0.190225,0.003108,0.011284,0.010083,0.000666,0.015196,0.00001,0.000197,0.084694,69.65756,20.39114,90.56909,0.299309,0.266924,0.003132,0.014357,0.009915,0.000548,0.010901,0.000003,0.000033,0.014022,49.15528,50.22558,100,0.387196,0.406962,0.003743,0.025855,0.014109,0.001111,0.019622,0.000011,0.000224,0.09608,89.61417,90.56909,120,107,159,236,216,196,308,,447,486,1264,,-16671.6,-22750,47, , ,H-24B-Profile2,50,19.88187,137,"Tuesday, April 18, 2023 1:31:30 AM"
2 / 27 . ,52,0.05248,0.045222,0.00001,0.021297,0.00001,0.002692,0.00001,0.00001,0.00452,0.071735,69.99581,20.1913,90.3851,0.077186,0.063897,0.00001,0.027286,0.00001,0.00223,0.000007,0.000003,0.000773,0.011959,49.73745,50.07919,99.99999,0.099161,0.096747,0.000012,0.048801,0.000014,0.00449,0.000013,0.000011,0.005143,0.081378,90.04933,90.3851,121,104,,223,,195,,,478,514,1272,,-16671.6,-22752,47, , ,H-24B-Profile2,52,19.90123,138,"Tuesday, April 18, 2023 1:36:19 AM"
2 / 28 . ,54,0.016285,0.028949,0.003021,0.008333,0.00001,0.00001,0.008856,0.003887,0.00001,0.039767,70.05212,20.13688,90.29813,0.023996,0.04098,0.003072,0.010696,0.00001,0.000008,0.006409,0.001125,0.000002,0.006642,49.87,50.03707,100,0.03077,0.061933,0.00364,0.019095,0.000014,0.000017,0.011436,0.00434,0.000011,0.045113,90.12177,90.29813,115,102,161,245,,,309,621,,512,1240,,-16671.6,-22754,47, , ,H-24B-Profile2,54,19.87349,139,"Tuesday, April 18, 2023 1:41:09 AM"
2 / 29 . ,56,0.034055,0.01231,0.005055,0.001583,0.00001,0.00001,0.007947,0.00001,0.004118,0.04921,70.16968,20.16024,90.44422,0.05011,0.017402,0.005133,0.002029,0.00001,0.000008,0.005743,0.000003,0.000705,0.008208,49.88472,50.02593,100,0.064346,0.026337,0.006089,0.003628,0.000014,0.000017,0.010261,0.000011,0.004686,0.055826,90.27301,90.44422,113,101,162,257,,,307,,477,511,1261,,-16671.6,-22756,47, , ,H-24B-Profile2,56,19.91526,140,"Tuesday, April 18, 2023 1:45:58 AM"
2 / 30 . ,58,0.086961,0.372166,0.000654,0.00001,0.00001,0.00001,0.016438,0.018815,0.00001,0.026708,65.38472,19.24457,85.15108,0.134818,0.5543,0.000699,0.000014,0.00001,0.000009,0.012516,0.005731,0.000002,0.004694,48.97417,50.31304,100,0.164312,0.796202,0.000787,0.000023,0.000014,0.000017,0.021225,0.021007,0.000011,0.030299,84.11718,85.15108,107,100,156,,,,289,581,,487,1261,,-16671.7,-22758,47, , ,H-24B-Profile2,58,18.64236,141,"Tuesday, April 18, 2023 1:50:46 AM"
2 / 31 . ,60,0.050148,0.224559,0.000571,0.003373,0.00001,0.00001,0.014515,0.00001,0.00001,0.075389,65.89889,19.19908,85.46656,0.07775,0.334472,0.000611,0.004555,0.00001,0.000009,0.011052,0.000003,0.000002,0.013249,49.36172,50.19656,100,0.094754,0.480415,0.000688,0.007728,0.000014,0.000017,0.018742,0.000011,0.000011,0.085525,84.77866,85.46656,120,105,145,219,,,289,,,312,1242,,-16671.7,-22760,47, , ,H-24B-Profile2,60,18.78122,142,"Tuesday, April 18, 2023 1:55:37 AM"
2 / 32 . ,62,0.048749,0.068172,0.001549,0.001179,0.00001,0.00001,0.005839,0.020062,0.00001,0.073446,71.73362,20.68819,92.64083,0.069965,0.093995,0.001534,0.001474,0.00001,0.000008,0.004116,0.005657,0.000002,0.011949,49.7401,50.07119,100,0.092111,0.145845,0.001866,0.002702,0.000014,0.000017,0.00754,0.022399,0.000011,0.08332,92.285,92.64083,117,102,143,199,,,314,571,,472,1308,,-16671.7,-22762,47, , ,H-24B-Profile2,62,20.40243,143,"Tuesday, April 18, 2023 2:00:25 AM"
2 / 33 . ,64,0.05534,0.232796,0.004168,0.007597,0.00001,0.00001,0.005549,0.026607,0.00001,0.053435,68.37997,19.92763,88.69312,0.082666,0.334078,0.004296,0.009885,0.00001,0.000008,0.004071,0.007809,0.000002,0.009048,49.34955,50.19857,100,0.104564,0.498038,0.00502,0.017407,0.000014,0.000017,0.007165,0.029707,0.000011,0.060618,87.97056,88.69312,120,105,157,234,,,304,595,,516,1258,,-16671.7,-22764,47, , ,H-24B-Profile2,64,19.48018,144,"Tuesday, April 18, 2023 2:05:14 AM"
2 / 34 . ,66,0.068159,6.102037,0.019664,0.00001,0.00148,0.00001,0.00374,0.0081,0.00001,0.037611,62.44777,24.91589,93.60448,0.087226,7.502137,0.017366,0.000011,0.001275,0.000007,0.002351,0.002037,0.000001,0.005456,38.61086,53.77128,100,0.128785,13.05454,0.023687,0.000023,0.00207,0.000017,0.004829,0.009044,0.000011,0.042667,80.33881,93.60448,115,133,153,,218,,303,598,,509,1225,,-16671.8,-22766,47, , ,H-24B-Profile2,66,19.13696,145,"Tuesday, April 18, 2023 2:10:02 AM"
2 / 35 . ,68,0.078698,28.98998,0.023464,0.008269,0.00001,0.000912,0.00616,0.012229,0.017555,0.00001,30.94794,41.98861,102.0738,0.069203,24.49036,0.014239,0.006334,0.000006,0.000452,0.00266,0.002113,0.001795,0.000001,13.14805,62.26479,100,0.148699,62.02039,0.028266,0.018948,0.000014,0.001521,0.007954,0.013653,0.019975,0.000011,39.8144,102.0738,100,195,154,250,,194,294,613,418,,943,,-16671.8,-22768,47, , ,H-24B-Profile2,68,15.50448,146,"Tuesday, April 18, 2023 2:14:51 AM"
2 / 36 . ,70,0.070567,15.97243,0.012627,0.00001,0.007319,0.006988,0.000723,0.016141,0.03575,0.020789,47.60521,31.92003,95.66859,0.076478,16.62994,0.009444,0.000009,0.005339,0.004266,0.000385,0.003437,0.004505,0.002554,24.92624,58.33739,99.99999,0.133335,34.17099,0.015211,0.000023,0.01024,0.011657,0.000934,0.018022,0.04068,0.023584,61.24392,95.66859,107,162,157,,223,195,306,634,464,500,1133,,-16671.8,-22770,47, , ,H-24B-Profile2,70,17.24219,147,"Tuesday, April 18, 2023 2:19:40 AM"
2 / 37 . ,72,0.04341,0.619225,0.000492,0.001118,0.00001,0.00001,0.00001,0.00001,0.008876,0.016122,69.39156,20.6295,90.71033,0.062953,0.862697,0.000492,0.001413,0.00001,0.000008,0.000007,0.000003,0.001497,0.00265,48.61817,50.4501,100,0.082023,1.324754,0.000593,0.002563,0.000014,0.000017,0.000013,0.000011,0.0101,0.01829,89.27196,90.71033,112,103,155,233,,,,,488,538,1289,,-16671.8,-22772,47, , ,H-24B-Profile2,72,19.80759,148,"Tuesday, April 18, 2023 2:24:30 AM"
2 / 38 . ,74,0.074813,0.056375,0.00001,0.006706,0.00001,0.006273,0.006321,0.000976,0.00001,0.063167,69.59594,20.09304,89.90364,0.110577,0.08005,0.00001,0.008634,0.00001,0.005223,0.004589,0.000283,0.000002,0.010583,49.69799,50.08205,99.99999,0.141359,0.120607,0.000012,0.015367,0.000014,0.010464,0.008162,0.00109,0.000011,0.07166,89.5349,89.90364,111,98,,242,,193,313,622,,527,1261,,-16671.9,-22774,47, , ,H-24B-Profile2,74,19.78264,149,"Tuesday, April 18, 2023 2:29:19 AM"
2 / 39 . ,76,0.038745,0.019845,0.00001,0.008201,0.00001,0.003197,0.005422,0.00001,0.00001,0.046696,68.86324,19.80671,88.7921,0.058048,0.028564,0.00001,0.010703,0.00001,0.002698,0.00399,0.000003,0.000002,0.00793,49.84591,50.04213,100,0.073208,0.042457,0.000012,0.018792,0.000014,0.005333,0.007002,0.000011,0.000011,0.052974,88.59229,88.7921,112,101,,248,,195,305,,,502,1239,,-16671.9,-22776,47, , ,H-24B-Profile2,76.01,19.54306,150,"Tuesday, April 18, 2023 2:34:09 AM"
2 / 40 . ,78,0.040448,0.298849,0.00001,0.011883,0.017962,0.00001,0.019435,0.012728,0.006918,0.043025,68.34696,19.99401,88.79224,0.060276,0.427838,0.00001,0.015426,0.018019,0.000008,0.014224,0.003726,0.001199,0.007268,49.20722,50.24479,100,0.076427,0.63935,0.000012,0.02723,0.025132,0.000017,0.025095,0.01421,0.007872,0.04881,87.92809,88.79224,114,99,,241,228,,291,617,457,500,1259,,-16671.9,-22778,47, , ,H-24B-Profile2,78.01,19.48,151,"Tuesday, April 18, 2023 2:38:57 AM"
2 / 41 . ,80,0.081795,0.043521,0.00336,0.008091,0.00001,0.005875,0.00001,0.006179,0.00001,0.062393,71.019,20.49318,91.72343,0.118518,0.060582,0.00336,0.010213,0.00001,0.004795,0.000007,0.001759,0.000002,0.010248,49.71624,50.07427,100,0.154552,0.093109,0.004047,0.018541,0.000014,0.009799,0.000013,0.006899,0.000011,0.070781,91.36566,91.72343,117,102,159,233,,197,,623,,512,1310,,-16671.9,-22780,47, , ,H-24B-Profile2,80.01,20.18514,152,"Tuesday, April 18, 2023 2:43:47 AM"
2 / 42 . ,82,0.087971,0.024045,0.00001,0.003384,0.00001,0.00001,0.012918,0.000325,0.00001,0.042882,70.29292,20.25823,90.72271,0.128899,0.033847,0.00001,0.004319,0.00001,0.000008,0.009296,0.000094,0.000002,0.007122,49.76045,50.05595,100,0.166222,0.051442,0.000012,0.007754,0.000014,0.000017,0.01668,0.000363,0.000011,0.048647,90.43155,90.72271,114,103,,239,,,300,617,,530,1279,,-16671.9,-22782,47, , ,H-24B-Profile2,82.01,19.95501,153,"Tuesday, April 18, 2023 2:48:36 AM"
2 / 43 . ,84,0.103105,0.024947,0.00001,0.013459,0.00001,0.002334,0.00001,0.00001,0.004135,0.066816,68.96614,19.90716,89.08813,0.153799,0.03575,0.00001,0.017489,0.00001,0.001961,0.000007,0.000003,0.000717,0.011298,49.70253,50.07643,100,0.194816,0.05337,0.000012,0.030841,0.000014,0.003894,0.000013,0.000011,0.004705,0.075799,88.72466,89.08813,115,101,,233,,191,,,485,518,1242,,-16672,-22784,47, , ,H-24B-Profile2,84.01,19.6084,154,"Tuesday, April 18, 2023 2:53:26 AM"
2 / 44 . ,86,0.071141,0.027837,0.001554,0.003142,0.000975,0.00001,0.00001,0.00001,0.00001,0.057028,69.95385,20.14894,90.2645,0.104798,0.039395,0.00158,0.004032,0.000967,0.000008,0.000007,0.000003,0.000002,0.009523,49.78639,50.05329,100,0.13442,0.059553,0.001872,0.0072,0.001364,0.000017,0.000013,0.000011,0.000011,0.064695,89.99535,90.2645,106,98,161,257,228,,,,,508,1293,,-16672,-22786,47, , ,H-24B-Profile2,86.01,19.86651,155,"Tuesday, April 18, 2023 2:58:16 AM"
2 / 45 . ,88,0.054218,0.242175,0.00001,0.012533,0.00001,0.00001,0.00001,0.00001,0.00001,0.049485,67.40528,19.65835,87.4221,0.082123,0.352402,0.00001,0.016537,0.00001,0.000009,0.000007,0.000003,0.000002,0.008496,49.32701,50.21339,100,0.102444,0.518103,0.000012,0.028719,0.000014,0.000017,0.000013,0.000011,0.000011,0.056138,86.71661,87.4221,117,102,,240,,,,,,463,1273,,-16672,-22788,47, , ,H-24B-Profile2,88.01,19.18642,156,"Tuesday, April 18, 2023 3:03:06 AM"
2 / 46 . ,90,0.073252,4.325788,0.004104,0.003049,0.007543,0.00001,0.00001,0.006041,0.010868,0.035393,57.80315,21.56898,83.83819,0.106866,6.06276,0.004132,0.003875,0.007408,0.000008,0.000007,0.001732,0.001844,0.005853,40.74169,53.06382,100,0.13841,9.254476,0.004944,0.006987,0.010554,0.000017,0.000013,0.006745,0.012367,0.040152,74.36353,83.83819,117,123,165,275,203,,,577,327,377,1177,,-16672,-22790,47, , ,H-24B-Profile2,90.01,17.41795,157,"Tuesday, April 18, 2023 3:07:55 AM"
2 / 47 . ,92,0.059002,6.682707,0.002465,0.001971,0.00001,0.005216,0.004499,0.00001,0.00001,0.063644,51.61129,22.46942,80.90024,0.085114,9.261263,0.002454,0.002476,0.00001,0.004238,0.003188,0.000003,0.000002,0.010407,35.97037,54.66048,100,0.111484,14.29681,0.002969,0.004516,0.000014,0.0087,0.005809,0.000011,0.000011,0.0722,66.39772,80.90024,109,130,164,274,,160,289,,,314,1111,,-16672.1,-22792,47, , ,H-24B-Profile2,92.01,16.22134,158,"Tuesday, April 18, 2023 3:12:44 AM"
2 / 48 . ,94,0.044454,3.810804,0.00001,0.00001,0.00001,0.006694,0.00553,0.00001,0.000604,0.086579,65.55524,23.18061,92.69055,0.059683,4.915136,0.000009,0.000012,0.000009,0.005063,0.003646,0.000003,0.000094,0.013176,42.52151,52.48166,100,0.083996,8.152734,0.000012,0.000023,0.000014,0.011167,0.00714,0.000011,0.000688,0.098218,84.33655,92.69055,116,124,,,,192,316,,340,366,1216,,-16672.1,-22794,47, , ,H-24B-Profile2,94.01,19.52116,159,"Tuesday, April 18, 2023 3:17:34 AM"
2 / 49 . ,96,0.116479,0.326117,0.006346,0.012428,0.000197,0.00001,0.002134,0.021607,0.02993,0.047854,69.97258,20.55317,91.08885,0.168993,0.454547,0.006354,0.015706,0.000193,0.000008,0.001521,0.006159,0.005049,0.00787,49.04742,50.28617,100,0.220086,0.697685,0.007644,0.028477,0.000276,0.000017,0.002756,0.024124,0.034057,0.054288,90.01944,91.08885,126,112,159,264,222,,311,603,457,505,1266,,-16672.1,-22796,47, , ,H-24B-Profile2,96.01,19.98463,160,"Tuesday, April 18, 2023 3:22:22 AM"
2 / 50 . ,98,0.230525,0.137572,0.001484,0.010902,0.00001,0.00001,0.00001,0.00001,0.001785,0.063538,70.26206,20.51478,91.22269,0.334473,0.19176,0.001486,0.013779,0.00001,0.000008,0.000007,0.000003,0.000301,0.01045,49.25288,50.19484,100,0.435575,0.294318,0.001788,0.024982,0.000014,0.000017,0.000013,0.000011,0.002031,0.072079,90.39186,91.22269,123,111,165,273,,,,,446,487,1324,,-16672.1,-22798,47, , ,H-24B-Profile2,98.01,20.02054,161,"Tuesday, April 18, 2023 3:27:10 AM"
2 / 51 . ,100,2.273021,2.553884,0.18732,0.050507,0.04102,0.002358,0.01585,0.022648,0.00001,0.028082,56.79727,21.33639,83.30836,3.324808,3.588798,0.189085,0.064356,0.040392,0.001943,0.011387,0.006509,0.000002,0.004656,40.13817,52.62989,100,4.294858,5.463712,0.225648,0.115733,0.057395,0.003934,0.020467,0.025286,0.000011,0.031857,73.06946,83.30836,117,106,161,257,201,192,304,572,,491,1178,,-16672.2,-22800,47, , ,H-24B-Profile2,100.01,17.22162,162,"Tuesday, April 18, 2023 3:31:58 AM"
2 / 52 . ,102,0.299708,0.362477,0.014615,0.022308,0.00001,0.00001,0.00001,0.005906,0.010127,0.058327,70.17198,20.82531,91.77079,0.429949,0.499556,0.014468,0.027877,0.00001,0.000008,0.000007,0.001665,0.001689,0.009485,48.63514,50.38015,100,0.566296,0.775473,0.017605,0.051116,0.000014,0.000017,0.000013,0.006594,0.011524,0.066169,90.27597,91.77079,126,109,155,230,,,,600,469,504,1294,,-16672.2,-22802,47, , ,H-24B-Profile2,102.01,20.07266,163,"Tuesday, April 18, 2023 3:36:49 AM"
2 / 53 . ,104,0.085929,0.048163,0.00214,0.006665,0.00001,0.005463,0.015479,0.00001,0.00001,0.065864,71.0881,20.52383,91.84166,0.124332,0.066949,0.002137,0.008401,0.00001,0.004453,0.010999,0.000003,0.000002,0.010802,49.69396,50.07796,100,0.162363,0.10304,0.002578,0.015273,0.000014,0.009113,0.019987,0.000011,0.000011,0.074718,91.45454,91.84166,114,103,160,241,,199,309,,,476,1290,,-16672.2,-22804,47, , ,H-24B-Profile2,104.01,20.20981,164,"Tuesday, April 18, 2023 3:41:37 AM"
2 / 54 . ,106,0.086117,0.027751,0.001399,0.000816,0.00001,0.000232,0.00001,0.036251,0.009303,0.04967,71.36711,20.56829,92.14697,0.124279,0.038474,0.001393,0.001026,0.00001,0.000189,0.000007,0.010278,0.001561,0.008125,49.75899,50.05567,100,0.162718,0.05937,0.001685,0.00187,0.000014,0.000387,0.000013,0.040475,0.010586,0.056347,91.8135,92.14697,112,104,161,250,,203,,620,460,492,1294,,-16672.2,-22806,47, , ,H-24B-Profile2,106.01,20.29081,165,"Tuesday, April 18, 2023 3:46:26 AM"
2 / 55 . ,108,0.08165,0.030159,0.004448,0.002484,0.00001,0.00001,0.011796,0.017325,0.00001,0.067418,70.82736,20.41739,91.46006,0.118708,0.042123,0.004463,0.003146,0.00001,0.000008,0.008423,0.004949,0.000002,0.011111,49.74952,50.05754,100,0.154278,0.06452,0.005358,0.005692,0.000014,0.000017,0.015232,0.019343,0.000011,0.076482,91.11912,91.46006,116,101,162,231,,,310,623,,522,1276,,-16672.2,-22808,47, , ,H-24B-Profile2,108.01,20.13925,166,"Tuesday, April 18, 2023 3:51:14 AM"
2 / 56 . ,110,0.08386,0.016648,0.008058,0.00001,0.00001,0.008232,0.008628,0.00001,0.017207,0.053014,71.23057,20.52001,91.94626,0.12129,0.023132,0.008043,0.000013,0.00001,0.006707,0.006129,0.000003,0.002894,0.008692,49.77405,50.04904,100,0.158454,0.035617,0.009707,0.000023,0.000014,0.013732,0.011141,0.000011,0.01958,0.060141,91.63784,91.94626,113,102,155,,,199,317,,493,534,1248,,-16672.3,-22810,47, , ,H-24B-Profile2,110.01,20.24455,167,"Tuesday, April 18, 2023 3:56:04 AM"
2 / 57 . ,112,0.084397,0.015083,0.00001,0.005031,0.00001,0.004998,0.001489,0.00001,0.024739,0.073557,70.94241,20.44055,91.59229,0.122559,0.021043,0.00001,0.006364,0.00001,0.004088,0.001062,0.000003,0.004177,0.012108,49.77246,50.05612,100,0.159468,0.032269,0.000012,0.011528,0.000014,0.008337,0.001922,0.000011,0.028151,0.083446,91.26713,91.59229,116,103,,247,,199,315,,494,524,1313,,-16672.3,-22812,47, , ,H-24B-Profile2,112.01,20.18553,168,"Tuesday, April 18, 2023 4:00:53 AM"
2 / 58 . ,114,0.088252,0.019265,0.00001,0.008947,0.0013,0.00001,0.000424,0.007514,0.001783,0.033511,71.11401,20.49216,91.76719,0.127835,0.026809,0.00001,0.01129,0.001268,0.000008,0.000302,0.002138,0.0003,0.005502,49.7678,50.05674,100,0.166751,0.041215,0.000012,0.020502,0.001819,0.000017,0.000548,0.008389,0.002028,0.038016,91.4879,91.76719,116,101,,237,228,,318,623,501,541,1240,,-16672.3,-22814,47, , ,H-24B-Profile2,114.01,20.18154,169,"Tuesday, April 18, 2023 4:05:42 AM"
2 / 59 . ,116,0.083595,0.018309,0.005605,0.00361,0.007413,0.00001,0.00323,0.00001,0.022207,0.068791,70.83936,20.41244,91.46458,0.121553,0.025576,0.005625,0.004572,0.007257,0.000008,0.002307,0.000003,0.003755,0.011338,49.76526,50.05275,100,0.157952,0.039169,0.006752,0.008271,0.010373,0.000017,0.00417,0.000011,0.025269,0.078039,91.13455,91.46458,117,103,158,234,221,,313,,489,523,1296,,-16672.3,-22816,47, , ,H-24B-Profile2,116.01,20.15184,170,"Tuesday, April 18, 2023 4:10:30 AM"
2 / 60 . ,118,0.07947,0.023435,0.002644,0.004096,0.001059,0.00001,0.00001,0.026883,0.00001,0.061764,70.69987,20.37031,91.26956,0.115796,0.032804,0.002658,0.005199,0.001038,0.000008,0.000007,0.007696,0.000002,0.010201,49.7709,50.05368,100,0.150158,0.050135,0.003184,0.009385,0.001481,0.000017,0.000013,0.030015,0.000011,0.070067,90.95509,91.26956,117,101,159,240,233,,,607,,525,1304,,-16672.4,-22818,47, , ,H-24B-Profile2,118.01,20.09842,171,"Tuesday, April 18, 2023 4:15:20 AM"
2 / 61 . ,120,0.073897,0.044491,0.00001,0.012981,0.00001,0.00001,0.00001,0.016731,0.001193,0.036484,70.05608,20.21101,90.4529,0.108569,0.062796,0.00001,0.016613,0.00001,0.000008,0.000007,0.004829,0.000204,0.006076,49.72673,50.07414,100,0.139629,0.095183,0.000012,0.029745,0.000014,0.000017,0.000013,0.01868,0.001358,0.041389,90.12687,90.4529,113,101,,226,,,,622,496,529,1301,,-16672.4,-22820,47, , ,H-24B-Profile2,120.01,19.89326,172,"Tuesday, April 18, 2023 4:20:09 AM"
2 / 62 . ,122,0.15165,0.144996,0.00001,0.017634,0.00001,0.00001,0.00001,0.00001,0.00001,0.045098,68.15322,19.85457,88.36723,0.227292,0.208777,0.00001,0.023023,0.00001,0.000008,0.000007,0.000003,0.000002,0.007662,49.35089,50.18231,100,0.286542,0.3102,0.000012,0.040406,0.000014,0.000017,0.000013,0.000011,0.000011,0.05116,87.67884,88.36723,124,107,,241,,,,,,495,1288,,-16672.4,-22822,47, , ,H-24B-Profile2,122.01,19.39237,173,"Tuesday, April 18, 2023 4:24:56 AM"
2 / 63 . ,124,0.133347,0.10477,0.002159,0.004699,0.00001,0.00001,0.00001,0.031642,0.00001,0.056374,67.9632,19.72695,88.02319,0.200963,0.15169,0.002245,0.006169,0.00001,0.000008,0.000007,0.009369,0.000002,0.00963,49.48494,50.13497,100,0.251959,0.224143,0.0026,0.010768,0.000014,0.000017,0.000013,0.035329,0.000011,0.063953,87.43438,88.02319,129,112,157,254,,,,587,,495,1281,,-16672.4,-22824,47, , ,H-24B-Profile2,124.01,19.35131,174,"Tuesday, April 18, 2023 4:29:46 AM"
2 / 64 . ,126,0.106362,0.096707,0.00001,0.009514,0.002665,0.01336,0.002365,0.026645,0.01594,0.060228,68.27557,19.80183,88.41119,0.159676,0.139474,0.00001,0.012442,0.002693,0.011298,0.001744,0.007859,0.002783,0.010249,49.52063,50.13115,100,0.200969,0.206891,0.000012,0.021801,0.003729,0.022285,0.003054,0.029749,0.018138,0.068324,87.83624,88.41119,127,112,,252,217,189,306,589,460,497,1297,,-16672.5,-22826,47, , ,H-24B-Profile2,126.01,19.45333,175,"Tuesday, April 18, 2023 4:34:34 AM"
2 / 65 . ,128,0.096412,0.058121,0.003232,0.00001,0.00001,0.00001,0.000236,0.00001,0.005781,0.054194,69.52928,20.08068,89.82798,0.142587,0.082579,0.003299,0.000013,0.00001,0.000008,0.000171,0.000003,0.000994,0.009085,49.68008,50.08117,100,0.182171,0.124344,0.003894,0.000023,0.000014,0.000017,0.000305,0.000011,0.006578,0.06148,89.44914,89.82798,125,111,159,,,,313,,481,514,1323,,-16672.5,-22828,47, , ,H-24B-Profile2,128.01,19.76048,176,"Tuesday, April 18, 2023 4:39:24 AM"
2 / 66 . ,130,0.089623,0.028593,0.009196,0.00001,0.00001,0.00001,0.001513,0.00001,0.00001,0.017046,70.08353,20.19558,90.42513,0.131716,0.04037,0.009327,0.000013,0.00001,0.000008,0.001092,0.000003,0.000002,0.00284,49.76241,50.05222,100,0.169343,0.061171,0.011078,0.000023,0.000014,0.000017,0.001954,0.000011,0.000011,0.019337,90.16218,90.42513,123,109,158,,,,316,,,526,1257,,-16672.5,-22830,47, , ,H-24B-Profile2,130.01,19.87085,177,"Tuesday, April 18, 2023 4:44:12 AM"
2 / 67 . ,132,0.081502,0.018223,0.00001,0.014936,0.00001,0.00001,0.002318,0.00001,0.00001,0.05391,69.832,20.12707,90.13001,0.120211,0.025822,0.00001,0.019191,0.00001,0.000008,0.001679,0.000003,0.000002,0.009013,49.76219,50.06186,100,0.153997,0.038986,0.000012,0.034226,0.000014,0.000017,0.002992,0.000011,0.000011,0.061157,89.83858,90.13001,125,109,,243,,,317,,,520,1317,,-16672.5,-22832,47, , ,H-24B-Profile2,132.01,19.83207,178,"Tuesday, April 18, 2023 4:49:00 AM"
2 / 68 . ,134,0.071766,0.015035,0.003637,0.003825,0.00001,0.00001,0.00001,0.00001,0.004772,0.051029,70.2157,20.2107,90.5765,0.105377,0.021208,0.003686,0.004892,0.00001,0.000008,0.000007,0.000003,0.000815,0.008493,49.81115,50.04435,100,0.135602,0.032165,0.004381,0.008765,0.000014,0.000017,0.000013,0.000011,0.00543,0.057889,90.33221,90.57651,120,106,163,236,,,,,482,523,1319,,-16672.5,-22834,47, , ,H-24B-Profile2,134.01,19.93689,179,"Tuesday, April 18, 2023 4:53:48 AM"
2 / 69 . ,136,0.048262,0.014658,0.003139,0.009316,0.00001,0.012068,0.008901,0.00001,0.00001,0.06572,70.28347,20.22773,90.67329,0.070808,0.02066,0.003178,0.011906,0.00001,0.009974,0.006414,0.000003,0.000002,0.01093,49.8195,50.04662,100,0.091191,0.031359,0.003781,0.021346,0.000014,0.02013,0.011493,0.000011,0.000011,0.074556,90.4194,90.67329,122,104,162,237,,189,309,,,517,1267,,-16672.6,-22836,47, , ,H-24B-Profile2,136.01,19.9676,180,"Tuesday, April 18, 2023 4:58:38 AM"
2 / 70 . ,138,0.030638,0.003139,0.00001,0.003685,0.00001,0.00001,0.00001,0.00001,0.040322,0.047768,70.23126,20.16856,90.52542,0.045063,0.004435,0.00001,0.004721,0.00001,0.000008,0.000007,0.000003,0.006896,0.007964,49.90643,50.02446,100,0.057891,0.006715,0.000012,0.008443,0.000014,0.000017,0.000013,0.000011,0.045883,0.054189,90.35223,90.52542,115,105,,255,,,,,478,523,1282,,-16672.6,-22838,47, , ,H-24B-Profile2,138.01,19.95884,181,"Tuesday, April 18, 2023 5:03:27 AM"
2 / 71 . ,140,0.021228,0.02095,0.00001,0.012799,0.00001,0.007911,0.00001,0.00001,0.00001,0.048923,67.43809,19.39189,86.94184,0.032485,0.0308,0.000011,0.017063,0.00001,0.006819,0.000008,0.000003,0.000002,0.008487,49.86034,50.04397,100,0.040109,0.04482,0.000012,0.029329,0.000014,0.013195,0.000013,0.000011,0.000011,0.0555,86.75882,86.94184,101,92,,243,,186,,,,507,1279,,-16672.6,-22840,47, , ,H-24B-Profile2,140.01,19.13964,182,"Tuesday, April 18, 2023 5:08:14 AM"
2 / 72 . ,142,0.037171,0.053513,0.002567,0.005267,0.001677,0.002701,0.00001,0.00001,0.00001,0.057542,60.59157,17.47082,78.22286,0.063173,0.087372,0.00301,0.007798,0.001919,0.002585,0.000008,0.000003,0.000002,0.011085,49.75164,50.07141,100,0.070234,0.114484,0.003092,0.01207,0.002347,0.004505,0.000013,0.000011,0.000011,0.065278,77.95081,78.22286,80,75,160,267,225,154,,,,467,1180,,-16672.6,-22842,47, , ,H-24B-Profile2,142.01,17.21896,183,"Tuesday, April 18, 2023 5:13:03 AM"
2 / 73 . ,144,0.088623,0.026624,0.00001,0.00001,0.00001,0.00001,0.003968,0.00001,0.014159,0.062365,66.43635,19.15443,85.78657,0.13735,0.03964,0.000011,0.000014,0.00001,0.000009,0.00302,0.000003,0.002552,0.010956,49.74551,50.06093,100,0.167453,0.056959,0.000012,0.000023,0.000014,0.000017,0.005124,0.000011,0.016111,0.070749,85.4701,85.78657,114,102,,,,,300,,494,531,1253,,-16672.7,-22844,47, , ,H-24B-Profile2,144.01,18.89218,184,"Tuesday, April 18, 2023 5:17:53 AM"
2 / 74 . ,146,0.060864,0.02311,0.00001,0.000685,0.007549,0.009456,0.005654,0.00001,0.00001,0.063084,71.07745,20.46422,91.7121,0.088268,0.032198,0.00001,0.000865,0.00737,0.007725,0.004027,0.000003,0.000002,0.01037,49.8013,50.04786,100,0.115002,0.049441,0.000012,0.001569,0.010563,0.015774,0.007301,0.000011,0.000011,0.071564,91.44086,91.7121,118,104,,237,233,200,316,,,533,1299,,-16672.7,-22846,47, , ,H-24B-Profile2,146.01,20.19158,185,"Tuesday, April 18, 2023 5:22:42 AM"
2 / 75 . ,148,0.047266,0.018107,0.002907,0.004221,0.000322,0.008094,0.008185,0.00001,0.00001,0.052228,71.48058,20.56256,92.18449,0.068209,0.025102,0.002895,0.005306,0.000313,0.00658,0.005801,0.000003,0.000002,0.008544,49.83682,50.04042,100,0.089308,0.038737,0.003502,0.009672,0.000451,0.013502,0.010569,0.000011,0.000011,0.059249,91.95948,92.18449,118,104,160,253,233,199,311,,,534,1272,,-16672.7,-22848,47, , ,H-24B-Profile2,148.01,20.29178,186,"Tuesday, April 18, 2023 5:27:30 AM"
2 / 76 . ,150,0.040607,0.017762,0.00001,0.000068,0.00001,0.003616,0.003803,0.003615,0.016537,0.050374,70.69781,20.32408,91.15829,0.059281,0.024911,0.00001,0.000087,0.00001,0.002973,0.002726,0.001037,0.002807,0.008336,49.86343,50.0344,100,0.076727,0.038,0.000012,0.000157,0.000014,0.006031,0.00491,0.004036,0.018817,0.057146,90.95245,91.15829,118,103,,238,,191,315,622,487,537,1277,,-16672.7,-22850,47, , ,H-24B-Profile2,150.01,20.08013,187,"Tuesday, April 18, 2023 5:32:19 AM"
2 / 77 . ,152,0.05375,0.010902,0.005721,0.00001,0.00001,0.00001,0.00001,0.00001,0.00001,0.087018,70.95095,20.40029,91.50869,0.078172,0.015232,0.005742,0.000013,0.00001,0.000008,0.000007,0.000003,0.000002,0.014346,49.85355,50.03291,100,0.101561,0.023323,0.006892,0.000023,0.000014,0.000017,0.000013,0.000011,0.000011,0.098717,91.27811,91.50869,118,106,157,,,,,,,531,1319,,-16672.8,-22852,47, , ,H-24B-Profile2,152.01,20.16895,188,"Tuesday, April 18, 2023 5:37:08 AM"
2 / 78 . ,154,0.035975,0.01404,0.007051,0.00001,0.00001,0.00001,0.001309,0.017114,0.00001,0.042106,70.86135,20.35899,91.33798,0.052418,0.019654,0.00709,0.000013,0.00001,0.000008,0.000937,0.004899,0.000002,0.006954,49.88337,50.02465,100,0.067974,0.030037,0.008494,0.000023,0.000014,0.000017,0.001691,0.019108,0.000011,0.047767,91.16284,91.33798,115,104,159,,,,321,621,,538,1279,,-16672.8,-22854,47, , ,H-24B-Profile2,154.01,20.10932,189,"Tuesday, April 18, 2023 5:41:57 AM"
2 / 79 . ,156,0.03363,0.006539,0.002487,0.00001,0.00001,0.004919,0.00001,0.002302,0.007576,0.03051,70.80071,20.33071,91.21942,0.049066,0.009166,0.002504,0.000013,0.00001,0.004042,0.000007,0.00066,0.001285,0.005046,49.90678,50.02142,100,0.063544,0.01399,0.002995,0.000023,0.000014,0.008204,0.000013,0.00257,0.008621,0.034612,91.08483,91.21942,115,106,161,,,198,,621,493,534,1315,,-16672.8,-22856,47, , ,H-24B-Profile2,156.01,20.07767,190,"Tuesday, April 18, 2023 5:46:47 AM"
2 / 80 . ,158,0.033103,0.010242,0.00001,0.002395,0.00001,0.00001,0.00001,0.00001,0.00001,0.059645,70.76453,20.32599,91.19597,0.048313,0.01436,0.00001,0.003045,0.00001,0.000008,0.000007,0.000003,0.000002,0.009868,49.8979,50.02648,100,0.062548,0.021911,0.000012,0.005488,0.000014,0.000017,0.000013,0.000011,0.000011,0.067663,91.03828,91.19597,116,105,,256,,,,,,525,1298,,-16672.8,-22858,47, , ,H-24B-Profile2,158.01,20.08585,191,"Tuesday, April 18, 2023 5:51:36 AM"
2 / 81 . ,160,0.039773,0.02053,0.007853,0.002869,0.002315,0.006918,0.000353,0.00001,0.008351,0.060669,68.62083,19.73863,88.50909,0.059791,0.02965,0.008147,0.003757,0.002342,0.005858,0.00026,0.000003,0.00146,0.010338,49.83901,50.03939,100,0.075151,0.043921,0.00946,0.006574,0.003239,0.01154,0.000455,0.000011,0.009503,0.068825,88.28042,88.50909,103,93,159,253,231,187,310,,447,487,1268,,-16672.8,-22860,47, , ,H-24B-Profile2,160.01,19.49588,192,"Tuesday, April 18, 2023 5:56:25 AM"
2 / 82 . ,162,0.128463,0.023172,0.00001,0.00001,0.00001,0.001092,0.00001,0.013776,0.00001,0.057441,70.65207,20.39228,91.26834,0.187036,0.032411,0.00001,0.000013,0.00001,0.000895,0.000007,0.003941,0.000002,0.00948,49.69803,50.06816,100,0.24273,0.049574,0.000012,0.000023,0.000014,0.001821,0.000013,0.015381,0.000011,0.065163,90.8936,91.26834,115,102,,,,198,,625,,493,1279,,-16672.9,-22862,47, , ,H-24B-Profile2,162.01,20.08168,193,"Tuesday, April 18, 2023 6:01:15 AM"
2 / 83 . ,164,0.130602,0.012423,0.00001,0.009908,0.003595,0.00001,0.00001,0.01739,0.00001,0.036871,71.14943,20.53558,91.89584,0.188824,0.017255,0.00001,0.012479,0.003499,0.000008,0.000007,0.00494,0.000002,0.006043,49.69872,50.06822,100,0.246773,0.026577,0.000012,0.022704,0.005031,0.000017,0.000013,0.019416,0.000011,0.041827,91.53345,91.89584,115,106,,239,233,,,617,,537,1316,,-16672.9,-22864,47, , ,H-24B-Profile2,164.01,20.2063,194,"Tuesday, April 18, 2023 6:06:03 AM"
2 / 84 . ,166,0.13072,0.009602,0.004304,0.023487,0.00001,0.00334,0.00001,0.00001,0.00001,0.051849,70.8588,20.4684,91.55054,0.189662,0.013383,0.004309,0.029686,0.00001,0.00273,0.000007,0.000003,0.000002,0.008527,49.67076,50.08093,100,0.246994,0.020541,0.005184,0.053819,0.000014,0.005571,0.000013,0.000011,0.000011,0.058819,91.15957,91.55054,116,103,157,224,,198,,,,534,1291,,-16672.9,-22866,47, , ,H-24B-Profile2,166.01,20.1319,195,"Tuesday, April 18, 2023 6:10:55 AM"
2 / 85 . ,168,0.122635,0.008729,0.00001,0.002807,0.00001,0.005632,0.00001,0.00001,0.008968,0.044893,70.6224,20.36673,91.18283,0.178747,0.012223,0.00001,0.003564,0.00001,0.004624,0.000007,0.000003,0.00152,0.007417,49.73163,50.06025,100,0.231719,0.018675,0.000012,0.006432,0.000014,0.009394,0.000013,0.000011,0.010205,0.050929,90.85542,91.18283,116,103,,240,,197,,,496,527,1283,,-16672.9,-22868,47, , ,H-24B-Profile2,168.01,20.05937,196,"Tuesday, April 18, 2023 6:15:45 AM"
2 / 86 . ,170,0.05139,0.014576,0.000498,0.010664,0.000866,0.012524,0.00001,0.00001,0.00001,0.025618,67.61912,19.46096,87.19624,0.078371,0.021355,0.000524,0.014167,0.000889,0.010758,0.000007,0.000003,0.000002,0.004429,49.82113,50.04836,100,0.097101,0.031184,0.0006,0.024437,0.001211,0.020891,0.000013,0.000011,0.000011,0.029062,86.99172,87.19624,89,86,157,242,229,181,,,,505,1292,,-16673,-22870,47, , ,H-24B-Profile2,170.01,19.17478,197,"Tuesday, April 18, 2023 6:20:33 AM"
2 / 87 . ,172,0.041181,0.009208,0.00001,0.009739,0.00001,0.00001,0.001994,0.00001,0.008215,0.053707,67.24026,19.33271,86.69706,0.063205,0.013578,0.000011,0.013021,0.00001,0.000009,0.001503,0.000003,0.001466,0.009344,49.86008,50.03777,100,0.077811,0.0197,0.000012,0.022316,0.000014,0.000017,0.002574,0.000011,0.009348,0.060927,86.50433,86.69706,65,62,,242,,,303,,452,502,1298,,-16673,-22872,47, , ,H-24B-Profile2,172.01,19.0945,198,"Tuesday, April 18, 2023 6:25:24 AM"
2 / 88 . ,174,0.084637,0.017697,0.002335,0.00001,0.00001,0.001491,0.00001,0.016548,0.00001,0.062355,71.2979,20.53381,92.01681,0.122329,0.024573,0.002329,0.000013,0.00001,0.001214,0.000007,0.004699,0.000002,0.010216,49.78659,50.04801,100,0.159921,0.037861,0.002813,0.000023,0.000014,0.002488,0.000013,0.018476,0.000011,0.070738,91.72446,92.01682,114,103,164,,,195,,642,,532,1320,,-16673,-22874,47, , ,H-24B-Profile2,174.01,20.26106,199,"Tuesday, April 18, 2023 6:30:16 AM"